0;0.399;0;0;276.536;ltr;false;false
90;0.399;0;0;276.536;ltr;false;false
810;0.042;0;0;276.517;ltr;false;false
900;0.042;0;0;276.517;ltr;false;false
1710;0.096;0;0;276.497;ltr;false;false
1800;0.096;0;0;276.497;ltr;false;false
2610;-0.495;0;0;276.477;rtl;false;true
2700;-0.495;0;0;276.477;rtl;false;true
3510;-0.014;0;0;276.536;rtl;false;false
3600;-0.014;0;0;276.536;rtl;false;false
4410;-0.057;0;0;276.596;rtl;false;false
4500;-0.057;0;0;276.596;rtl;false;false
5310;0.09;0;0;276.655;ltr;false;true
5400;0.09;0;0;276.655;ltr;false;true
6210;-0.022;0;0;276.714;rtl;false;true
6300;-0.022;0;0;276.714;rtl;false;true
7110;-0.053;0;0;276.806;rtl;false;false
7200;-0.053;0;0;276.806;rtl;false;false
8010;-0.012;0;0;276.898;rtl;false;false
8100;-0.012;0;0;276.898;rtl;false;false
8910;-0.087;0;0;276.99;rtl;false;false
9000;-0.087;0;0;276.99;rtl;false;false
9810;-0.097;0;0;277.082;rtl;false;false
9900;-0.097;0;0;277.082;rtl;false;false
10710;-0.034;0;0;277.174;rtl;false;false
10800;-0.034;0;0;277.174;rtl;false;false
11610;-0.241;0;0;277.265;rtl;false;false
11700;-0.241;0;0;277.265;rtl;false;false
12510;1.37;0;0;277.357;ltr;false;true
12600;1.37;0;0;277.357;ltr;false;true
13410;2.012;0;0;277.448;ltr;false;false
13500;2.012;0;0;277.448;ltr;false;false
14310;-1.732;0;0;277.5;rtl;false;true
14400;-1.732;0;0;277.5;rtl;false;true
15210;3.215;0;0;277.552;ltr;false;true
15300;3.215;0;0;277.552;ltr;false;true
16110;2.021;0;0;277.604;ltr;false;false
16200;2.021;0;0;277.604;ltr;false;false
17010;3.779;0;0;277.656;ltr;false;false
17100;3.779;0;0;277.656;ltr;false;false
17910;1.009;0;0;277.721;ltr;false;false
18000;1.009;0;0;277.721;ltr;false;false
18810;2.294;0;0;277.786;ltr;false;false
18900;2.294;0;0;277.786;ltr;false;false
19710;2.501;0;0;277.851;ltr;false;false
19800;2.501;0;0;277.851;ltr;false;false
20610;2.427;0;0;277.916;ltr;false;false
20700;2.427;0;0;277.916;ltr;false;false
21510;3.096;0;0;278.013;ltr;false;false
21600;3.096;0;0;278.013;ltr;false;false
22410;2.8;0;0;278.11;ltr;false;false
22500;2.8;0;0;278.11;ltr;false;false
23310;1.369;0;0;278.207;ltr;false;false
23400;1.369;0;0;278.207;ltr;false;false
24210;2.283;0;0;278.304;ltr;false;false
24300;2.283;0;0;278.304;ltr;false;false
25110;1.147;0;0;278.413;ltr;false;false
25200;1.147;0;0;278.413;ltr;false;false
26010;3.487;0;0;278.523;ltr;false;false
26100;3.487;0;0;278.523;ltr;false;false
26910;1.754;0;0;278.632;ltr;false;false
27000;1.754;0;0;278.632;ltr;false;false
27810;2.144;0;0;278.741;ltr;false;false
27900;2.144;0;0;278.741;ltr;false;false
28710;3.395;0;0;278.78;ltr;false;false
28800;3.395;0;0;278.78;ltr;false;false
29610;2.896;0;0;278.818;ltr;false;false
29700;2.896;0;0;278.818;ltr;false;false
30510;3.083;0;0;278.857;ltr;false;false
30600;3.083;0;0;278.857;ltr;false;false
31410;1.311;0;0;278.895;ltr;false;false
31500;1.311;0;0;278.895;ltr;false;false
32310;3.043;0;0;278.933;ltr;false;false
32400;3.043;0;0;278.933;ltr;false;false
33210;2.6;0;0;278.972;ltr;false;false
33300;2.6;0;0;278.972;ltr;false;false
34110;1.595;0;0;279.01;ltr;false;false
34200;1.595;0;0;279.01;ltr;false;false
35010;2.553;0;0;279.048;ltr;false;false
35100;2.553;0;0;279.048;ltr;false;false
35910;4.153;0;0;279.074;ltr;false;false
36000;4.153;0;0;279.074;ltr;false;false
36810;1.368;0;0;279.099;ltr;false;false
36900;1.368;0;0;279.099;ltr;false;false
37710;0.366;0;0;279.125;ltr;false;false
37800;0.366;0;0;279.125;ltr;false;false
38610;0.058;0;0;279.15;ltr;false;false
38700;0.058;0;0;279.15;ltr;false;false
39510;2.237;0;0;279.163;ltr;false;false
39600;2.237;0;0;279.163;ltr;false;false
40410;-0.702;0;0;279.176;rtl;false;true
40500;-0.702;0;0;279.176;rtl;false;true
41310;2.088;0;0;279.188;ltr;false;true
41400;2.088;0;0;279.188;ltr;false;true
42210;-0.03;0;0;279.201;rtl;false;true
42300;-0.03;0;0;279.201;rtl;false;true
43110;1.696;0;0;279.182;ltr;false;true
43200;1.696;0;0;279.182;ltr;false;true
44010;5.248;0;0;279.163;ltr;false;false
44100;5.248;0;0;279.163;ltr;false;false
44910;1.828;0;0;279.144;ltr;false;false
45000;1.828;0;0;279.144;ltr;false;false
45810;-0.129;0;0;279.125;rtl;false;true
45900;-0.129;0;0;279.125;rtl;false;true
46710;0.016;0;0;279.125;ltr;false;true
46800;0.016;0;0;279.125;ltr;false;true
47610;0.193;0;0;279.125;ltr;false;false
47700;0.193;0;0;279.125;ltr;false;false
48510;-0.047;0;0;279.125;rtl;false;true
48600;-0.047;0;0;279.125;rtl;false;true
49410;0.1;0;0;279.125;ltr;false;true
49500;0.1;0;0;279.125;ltr;false;true
50310;-0.042;0;0;279.157;rtl;false;true
50400;-0.042;0;0;279.157;rtl;false;true
51210;0.014;0;0;279.189;ltr;false;true
51300;0.014;0;0;279.189;ltr;false;true
52110;0.136;0;0;279.22;ltr;false;false
52200;0.136;0;0;279.22;ltr;false;false
53010;-0.016;0;0;279.252;rtl;false;true
53100;-0.016;0;0;279.252;rtl;false;true
53910;0.082;0;0;279.188;ltr;false;true
54000;0.082;0;0;279.188;ltr;false;true
54810;0.2;0;0;279.125;ltr;false;false
54900;0.2;0;0;279.125;ltr;false;false
55710;0.095;0;0;279.061;ltr;false;false
55800;0.095;0;0;279.061;ltr;false;false
56610;0.022;0;0;278.997;ltr;false;false
56700;0.022;0;0;278.997;ltr;false;false
57510;-0.012;0;0;278.965;rtl;false;true
57600;-0.012;0;0;278.965;rtl;false;true
58410;0.155;0;0;278.933;ltr;false;true
58500;0.155;0;0;278.933;ltr;false;true
59310;-0.085;0;0;278.901;rtl;false;true
59400;-0.085;0;0;278.901;rtl;false;true
60210;0.26;0;0;278.869;ltr;false;true
60300;0.26;0;0;278.869;ltr;false;true
61110;0.497;0;0;278.85;ltr;false;false
61200;0.497;0;0;278.85;ltr;false;false
62010;0.263;0;0;278.831;ltr;false;false
62100;0.263;0;0;278.831;ltr;false;false
62910;0.068;0;0;278.811;ltr;false;false
63000;0.068;0;0;278.811;ltr;false;false
63810;0.088;0;0;278.792;ltr;false;false
63900;0.088;0;0;278.792;ltr;false;false
64710;0.109;0;0;278.818;ltr;false;false
64800;0.109;0;0;278.818;ltr;false;false
65610;0.09;0;0;278.844;ltr;false;false
65700;0.09;0;0;278.844;ltr;false;false
66510;0.212;0;0;278.869;ltr;false;false
66600;0.212;0;0;278.869;ltr;false;false
67410;0.095;0;0;278.895;ltr;false;false
67500;0.095;0;0;278.895;ltr;false;false
68310;0.318;0;0;278.869;ltr;false;false
68400;0.318;0;0;278.869;ltr;false;false
69210;0.282;0;0;278.844;ltr;false;false
69300;0.282;0;0;278.844;ltr;false;false
70110;-0.096;0;0;278.818;rtl;false;true
70200;-0.096;0;0;278.818;rtl;false;true
71010;0.012;0;0;278.792;ltr;false;true
71100;0.012;0;0;278.792;ltr;false;true
71910;0.263;0;0;278.76;ltr;false;false
72000;0.263;0;0;278.76;ltr;false;false
72810;0.503;0;0;278.728;ltr;false;false
72900;0.503;0;0;278.728;ltr;false;false
73710;0.398;0;0;278.696;ltr;false;false
73800;0.398;0;0;278.696;ltr;false;false
74610;0.078;0;0;278.664;ltr;false;false
74700;0.078;0;0;278.664;ltr;false;false
75510;1.052;0;0;278.677;ltr;false;false
75600;1.052;0;0;278.677;ltr;false;false
76410;0.996;0;0;278.69;ltr;false;false
76500;0.996;0;0;278.69;ltr;false;false
77310;2.923;0;0;278.702;ltr;false;false
77400;2.923;0;0;278.702;ltr;false;false
78210;2.486;0;0;278.715;ltr;false;false
78300;2.486;0;0;278.715;ltr;false;false
79110;0.978;0;0;278.76;ltr;false;false
79200;0.978;0;0;278.76;ltr;false;false
80010;3.375;0;0;278.805;ltr;false;false
80100;3.375;0;0;278.805;ltr;false;false
80910;2.007;0;0;278.85;ltr;false;false
81000;2.007;0;0;278.85;ltr;false;false
81810;2.486;0;0;278.895;ltr;false;false
81900;2.486;0;0;278.895;ltr;false;false
82710;3.077;0;0;278.927;ltr;false;false
82800;3.077;0;0;278.927;ltr;false;false
83610;2.516;0;0;278.959;ltr;false;false
83700;2.516;0;0;278.959;ltr;false;false
84510;1.492;0;0;278.99;ltr;false;false
84600;1.492;0;0;278.99;ltr;false;false
85410;1.299;0;0;279.022;ltr;false;false
85500;1.299;0;0;279.022;ltr;false;false
86310;1.072;0;0;279.067;ltr;false;false
86400;1.072;0;0;279.067;ltr;false;false
87210;0.676;0;0;279.112;ltr;false;false
87300;0.676;0;0;279.112;ltr;false;false
88110;0.629;0;0;279.156;ltr;false;false
88200;0.629;0;0;279.156;ltr;false;false
89010;-0.194;0;0;279.201;rtl;false;true
89100;-0.194;0;0;279.201;rtl;false;true
89910;0.1;0;0;279.265;ltr;false;true
90000;0.1;0;0;279.265;ltr;false;true
90810;0.033;0;0;279.329;ltr;false;false
90900;0.033;0;0;279.329;ltr;false;false
91710;0.01;0;0;279.392;ltr;false;false
91800;0.01;0;0;279.392;ltr;false;false
92610;-0.034;0;0;279.456;rtl;false;true
92700;-0.034;0;0;279.456;rtl;false;true
93510;0.048;0;0;279.532;ltr;false;true
93600;0.048;0;0;279.532;ltr;false;true
94410;0.093;0;0;279.609;ltr;false;false
94500;0.093;0;0;279.609;ltr;false;false
95310;0.099;0;0;279.685;ltr;false;false
95400;0.099;0;0;279.685;ltr;false;false
96210;0.206;0;0;279.761;ltr;false;false
96300;0.206;0;0;279.761;ltr;false;false
97110;0.39;0;0;279.875;ltr;false;false
97200;0.39;0;0;279.875;ltr;false;false
98010;0.468;0;0;279.989;ltr;false;false
98100;0.468;0;0;279.989;ltr;false;false
98910;0.346;0;0;280.102;ltr;false;false
99000;0.346;0;0;280.102;ltr;false;false
99810;0.01;0;0;280.216;ltr;false;false
99900;0.01;0;0;280.216;ltr;false;false
100710;0.091;0;0;280.279;ltr;false;false
100800;0.091;0;0;280.279;ltr;false;false
101610;-0.079;0;0;280.342;rtl;false;true
101700;-0.079;0;0;280.342;rtl;false;true
102510;-0.12;0;0;280.405;rtl;false;false
102600;-0.12;0;0;280.405;rtl;false;false
103410;-0.378;0;0;280.468;rtl;false;false
103500;-0.378;0;0;280.468;rtl;false;false
104310;-0.052;0;0;280.468;rtl;false;false
104400;-0.052;0;0;280.468;rtl;false;false
105210;-0.094;0;0;280.468;rtl;false;false
105300;-0.094;0;0;280.468;rtl;false;false
106110;-0.098;0;0;280.468;rtl;false;false
106200;-0.098;0;0;280.468;rtl;false;false
107010;0.574;0;0;280.468;ltr;false;true
107100;0.574;0;0;280.468;ltr;false;true
107910;0.497;0;0;280.456;ltr;false;false
108000;0.497;0;0;280.456;ltr;false;false
108810;0.262;0;0;280.443;ltr;false;false
108900;0.262;0;0;280.443;ltr;false;false
109710;0.252;0;0;280.431;ltr;false;false
109800;0.252;0;0;280.431;ltr;false;false
110610;0.073;0;0;280.418;ltr;false;false
110700;0.073;0;0;280.418;ltr;false;false
111510;-0.25;0;0;280.342;rtl;false;true
111600;-0.25;0;0;280.342;rtl;false;true
112410;0.331;0;0;280.267;ltr;false;true
112500;0.331;0;0;280.267;ltr;false;true
113310;-0.21;0;0;280.191;rtl;false;true
113400;-0.21;0;0;280.191;rtl;false;true
114210;0.07;0;0;280.115;ltr;false;true
114300;0.07;0;0;280.115;ltr;false;true
115110;1;0;0;280.096;ltr;false;false
115200;1;0;0;280.096;ltr;false;false
116010;0.63;0;0;280.077;ltr;false;false
116100;0.63;0;0;280.077;ltr;false;false
116910;-0.713;0;0;280.058;rtl;false;true
117000;-0.713;0;0;280.058;rtl;false;true
117810;0.01;0;0;280.039;ltr;false;true
117900;0.01;0;0;280.039;ltr;false;true
118710;0.024;0;0;280.058;ltr;false;false
118800;0.024;0;0;280.058;ltr;false;false
119610;0.212;0;0;280.077;ltr;false;false
119700;0.212;0;0;280.077;ltr;false;false
120510;0.205;0;0;280.096;ltr;false;false
120600;0.205;0;0;280.096;ltr;false;false
121410;0.112;0;0;280.115;ltr;false;false
121500;0.112;0;0;280.115;ltr;false;false
122310;0.343;0;0;280.134;ltr;false;false
122400;0.343;0;0;280.134;ltr;false;false
123210;0.057;0;0;280.153;ltr;false;false
123300;0.057;0;0;280.153;ltr;false;false
124110;0.399;0;0;280.172;ltr;false;false
124200;0.399;0;0;280.172;ltr;false;false
125010;-0.042;0;0;280.191;rtl;false;true
125100;-0.042;0;0;280.191;rtl;false;true
125910;-0.097;0;0;280.197;rtl;false;false
126000;-0.097;0;0;280.197;rtl;false;false
126810;-0.029;0;0;280.204;rtl;false;false
126900;-0.029;0;0;280.204;rtl;false;false
127710;-0.052;0;0;280.21;rtl;false;false
127800;-0.052;0;0;280.21;rtl;false;false
128610;0.196;0;0;280.216;ltr;false;true
128700;0.196;0;0;280.216;ltr;false;true
129510;0.098;0;0;280.216;ltr;false;false
129600;0.098;0;0;280.216;ltr;false;false
130410;0.095;0;0;280.216;ltr;false;false
130500;0.095;0;0;280.216;ltr;false;false
131310;0.097;0;0;280.216;ltr;false;false
131400;0.097;0;0;280.216;ltr;false;false
132210;0.097;0;0;280.216;ltr;false;false
132300;0.097;0;0;280.216;ltr;false;false
133110;0.083;0;0;280.21;ltr;false;false
133200;0.083;0;0;280.21;ltr;false;false
134010;-0.1;0;0;280.204;rtl;false;true
134100;-0.1;0;0;280.204;rtl;false;true
134910;0.01;0;0;280.197;rtl;false;false
135000;0.01;0;0;280.197;rtl;false;false
135810;0.01;0;0;280.191;rtl;false;false
135900;0.01;0;0;280.191;rtl;false;false
136710;0.01;0;0;280.172;rtl;false;false
136800;0.01;0;0;280.172;rtl;false;false
137610;0.01;0;0;280.153;ltr;false;true
137700;0.01;0;0;280.153;ltr;false;true
138510;-0.037;0;0;280.134;rtl;false;true
138600;-0.037;0;0;280.134;rtl;false;true
139410;-0.045;0;0;280.115;rtl;false;false
139500;-0.045;0;0;280.115;rtl;false;false
140310;0.1;0;0;280.109;ltr;false;true
140400;0.1;0;0;280.109;ltr;false;true
141210;0.044;0;0;280.103;ltr;false;false
141300;0.044;0;0;280.103;ltr;false;false
142110;-0.014;0;0;280.096;rtl;false;true
142200;-0.014;0;0;280.096;rtl;false;true
143010;0.01;0;0;280.09;ltr;false;true
143100;0.01;0;0;280.09;ltr;false;true
143910;0.003;0;0;280.09;ltr;false;false
144000;0.003;0;0;280.09;ltr;false;false
144810;0.01;0;0;280.09;rtl;false;true
144900;0.01;0;0;280.09;rtl;false;true
145710;0.099;0;0;280.09;ltr;false;true
145800;0.099;0;0;280.09;ltr;false;true
146610;0.01;0;0;280.09;rtl;false;true
146700;0.01;0;0;280.09;rtl;false;true
147510;0.086;0;0;280.084;ltr;false;true
147600;0.086;0;0;280.084;ltr;false;true
148410;-0.005;0;0;280.077;rtl;false;true
148500;-0.005;0;0;280.077;rtl;false;true
149310;0.017;0;0;280.071;ltr;false;true
149400;0.017;0;0;280.071;ltr;false;true
150210;0.022;0;0;280.064;ltr;false;false
150300;0.022;0;0;280.064;ltr;false;false
151110;0.072;0;0;280.071;ltr;false;false
151200;0.072;0;0;280.071;ltr;false;false
152010;0.078;0;0;280.077;ltr;false;false
152100;0.078;0;0;280.077;ltr;false;false
152910;0.078;0;0;280.084;ltr;false;false
153000;0.078;0;0;280.084;ltr;false;false
153810;0.08;0;0;280.09;ltr;false;false
153900;0.08;0;0;280.09;ltr;false;false
154710;0.066;0;0;280.103;ltr;false;false
154800;0.066;0;0;280.103;ltr;false;false
155610;0.066;0;0;280.115;ltr;false;false
155700;0.066;0;0;280.115;ltr;false;false
156510;0.093;0;0;280.128;ltr;false;false
156600;0.093;0;0;280.128;ltr;false;false
157410;0.099;0;0;280.14;ltr;false;false
157500;0.099;0;0;280.14;ltr;false;false
158310;0.099;0;0;280.14;ltr;false;false
158400;0.099;0;0;280.14;ltr;false;false
159210;0.077;0;0;280.14;ltr;false;false
159300;0.077;0;0;280.14;ltr;false;false
160110;0.01;0;0;280.14;rtl;false;true
160200;0.01;0;0;280.14;rtl;false;true
161010;0.01;0;0;280.14;rtl;false;false
161100;0.01;0;0;280.14;rtl;false;false
161910;0.01;0;0;280.146;rtl;false;false
162000;0.01;0;0;280.146;rtl;false;false
162810;0.01;0;0;280.153;ltr;false;true
162900;0.01;0;0;280.153;ltr;false;true
163710;0.01;0;0;280.159;rtl;false;true
163800;0.01;0;0;280.159;rtl;false;true
164610;0.01;0;0;280.165;ltr;false;true
164700;0.01;0;0;280.165;ltr;false;true
165510;0.095;0;0;280.165;ltr;true;false
165600;0.095;0;0;280.165;ltr;true;false
166410;0.01;0;0;280.165;rtl;false;true
166500;0.01;0;0;280.165;rtl;false;true
167310;0.01;0;0;280.165;rtl;false;false
167400;0.01;0;0;280.165;rtl;false;false
168210;0.01;0;0;280.165;rtl;false;false
168300;0.01;0;0;280.165;rtl;false;false
169110;0.098;0;0;280.159;ltr;true;true
169200;0.098;0;0;280.159;ltr;true;true
170010;0.036;0;0;280.153;ltr;false;false
170100;0.036;0;0;280.153;ltr;false;false
170910;-0.048;0;0;280.146;rtl;false;true
171000;-0.048;0;0;280.146;rtl;false;true
171810;0.01;0;0;280.14;rtl;false;false
171900;0.01;0;0;280.14;rtl;false;false
172710;0.01;0;0;280.109;rtl;false;false
172800;0.01;0;0;280.109;rtl;false;false
173610;0.294;0;0;280.077;ltr;true;true
173700;0.294;0;0;280.077;ltr;true;true
174510;0.096;0;0;280.046;ltr;false;false
174600;0.096;0;0;280.046;ltr;false;false
175410;0.09;0;0;280.014;ltr;false;false
175500;0.09;0;0;280.014;ltr;false;false
176310;0.099;0;0;279.989;ltr;false;false
176400;0.099;0;0;279.989;ltr;false;false
177210;0.095;0;0;279.964;ltr;false;false
177300;0.095;0;0;279.964;ltr;false;false
178110;0.096;0;0;279.938;ltr;false;false
178200;0.096;0;0;279.938;ltr;false;false
179010;0.235;0;0;279.913;ltr;false;false
179100;0.235;0;0;279.913;ltr;false;false
179910;0.072;0;0;279.976;ltr;false;false
180000;0.072;0;0;279.976;ltr;false;false
180810;0.062;0;0;280.039;ltr;false;false
180900;0.062;0;0;280.039;ltr;false;false
181710;0.067;0;0;280.102;ltr;false;false
181800;0.067;0;0;280.102;ltr;false;false
182610;-0.033;0;0;280.165;rtl;false;true
182700;-0.033;0;0;280.165;rtl;false;true
183510;0.1;0;0;280.209;ltr;false;true
183600;0.1;0;0;280.209;ltr;false;true
184410;0.1;0;0;280.254;ltr;false;false
184500;0.1;0;0;280.254;ltr;false;false
185310;0.1;0;0;280.298;ltr;false;false
185400;0.1;0;0;280.298;ltr;false;false
186210;0.1;0;0;280.342;ltr;false;false
186300;0.1;0;0;280.342;ltr;false;false
187110;0.097;0;0;280.348;ltr;false;false
187200;0.097;0;0;280.348;ltr;false;false
188010;0.098;0;0;280.355;ltr;false;false
188100;0.098;0;0;280.355;ltr;false;false
188910;0.052;0;0;280.361;ltr;false;false
189000;0.052;0;0;280.361;ltr;false;false
189810;0.01;0;0;280.367;ltr;false;false
189900;0.01;0;0;280.367;ltr;false;false
190710;0.01;0;0;280.405;ltr;false;false
190800;0.01;0;0;280.405;ltr;false;false
191610;0.01;0;0;280.443;ltr;false;false
191700;0.01;0;0;280.443;ltr;false;false
192510;0.01;0;0;280.48;rtl;false;true
192600;0.01;0;0;280.48;rtl;false;true
193410;0.099;0;0;280.518;ltr;true;true
193500;0.099;0;0;280.518;ltr;true;true
194310;0.095;0;0;280.48;ltr;false;false
194400;0.095;0;0;280.48;ltr;false;false
195210;-0.031;0;0;280.443;rtl;false;true
195300;-0.031;0;0;280.443;rtl;false;true
196110;-0.091;0;0;280.405;rtl;false;false
196200;-0.091;0;0;280.405;rtl;false;false
197010;-0.063;0;0;280.367;rtl;false;false
197100;-0.063;0;0;280.367;rtl;false;false
197910;-0.024;0;0;280.304;rtl;false;false
198000;-0.024;0;0;280.304;rtl;false;false
198810;0.01;0;0;280.241;rtl;false;false
198900;0.01;0;0;280.241;rtl;false;false
199710;0.296;0;0;280.178;ltr;false;true
199800;0.296;0;0;280.178;ltr;false;true
200610;0.299;0;0;280.115;ltr;false;false
200700;0.299;0;0;280.115;ltr;false;false
201510;0.1;0;0;280.046;ltr;false;false
201600;0.1;0;0;280.046;ltr;false;false
202410;0.223;0;0;279.976;ltr;false;false
202500;0.223;0;0;279.976;ltr;false;false
203310;0.595;0;0;279.907;ltr;false;false
203400;0.595;0;0;279.907;ltr;false;false
204210;0.398;0;0;279.837;ltr;false;false
204300;0.398;0;0;279.837;ltr;false;false
205110;0.18;0;0;279.843;ltr;false;false
205200;0.18;0;0;279.843;ltr;false;false
206010;0.01;0;0;279.85;ltr;false;false
206100;0.01;0;0;279.85;ltr;false;false
206910;0.093;0;0;279.856;ltr;false;false
207000;0.093;0;0;279.856;ltr;false;false
207810;0.01;0;0;279.862;ltr;false;false
207900;0.01;0;0;279.862;ltr;false;false
208710;0.01;0;0;279.83;ltr;false;false
208800;0.01;0;0;279.83;ltr;false;false
209610;0.01;0;0;279.799;ltr;false;false
209700;0.01;0;0;279.799;ltr;false;false
210510;0.01;0;0;279.767;ltr;false;false
210600;0.01;0;0;279.767;ltr;false;false
211410;0.01;0;0;279.735;ltr;false;false
211500;0.01;0;0;279.735;ltr;false;false
212310;0.01;0;0;279.697;ltr;false;false
212400;0.01;0;0;279.697;ltr;false;false
213210;0.01;0;0;279.659;ltr;false;false
213300;0.01;0;0;279.659;ltr;false;false
214110;-1.438;0;0;279.621;rtl;false;true
214200;-1.438;0;0;279.621;rtl;false;true
215010;-2.511;0;0;279.583;rtl;false;false
215100;-2.511;0;0;279.583;rtl;false;false
215910;-1.556;0;0;279.532;rtl;false;false
216000;-1.556;0;0;279.532;rtl;false;false
216810;-0.41;0;0;279.482;rtl;false;false
216900;-0.41;0;0;279.482;rtl;false;false
217710;-0.246;0;0;279.431;rtl;false;false
217800;-0.246;0;0;279.431;rtl;false;false
218610;-0.594;0;0;279.38;rtl;false;false
218700;-0.594;0;0;279.38;rtl;false;false
219510;-0.088;0;0;279.297;rtl;false;false
219600;-0.088;0;0;279.297;rtl;false;false
220410;-0.353;0;0;279.214;rtl;false;false
220500;-0.353;0;0;279.214;rtl;false;false
221310;-0.088;0;0;279.131;rtl;false;false
221400;-0.088;0;0;279.131;rtl;false;false
222210;-1.29;0;0;279.048;rtl;false;false
222300;-1.29;0;0;279.048;rtl;false;false
223110;-0.278;0;0;278.907;rtl;false;false
223200;-0.278;0;0;278.907;rtl;false;false
224010;-1.272;0;0;278.766;rtl;false;false
224100;-1.272;0;0;278.766;rtl;false;false
224910;-1.161;0;0;278.625;rtl;false;false
225000;-1.161;0;0;278.625;rtl;false;false
225810;-0.52;0;0;278.484;rtl;false;false
225900;-0.52;0;0;278.484;rtl;false;false
226710;-1.097;0;0;278.452;rtl;false;false
226800;-1.097;0;0;278.452;rtl;false;false
227610;-1.371;0;0;278.42;rtl;false;false
227700;-1.371;0;0;278.42;rtl;false;false
228510;-1.273;0;0;278.387;rtl;false;false
228600;-1.273;0;0;278.387;rtl;false;false
229410;-0.792;0;0;278.355;rtl;false;false
229500;-0.792;0;0;278.355;rtl;false;false
230310;-0.671;0;0;278.297;rtl;false;false
230400;-0.671;0;0;278.297;rtl;false;false
231210;-0.99;0;0;278.239;rtl;false;false
231300;-0.99;0;0;278.239;rtl;false;false
232110;-1.296;0;0;278.181;rtl;false;false
232200;-1.296;0;0;278.181;rtl;false;false
233010;-0.068;0;0;278.123;rtl;false;false
233100;-0.068;0;0;278.123;rtl;false;false
233910;-2.321;0;0;277.987;rtl;false;false
234000;-2.321;0;0;277.987;rtl;false;false
234810;-2.254;0;0;277.851;rtl;false;false
234900;-2.254;0;0;277.851;rtl;false;false
235710;-1.492;0;0;277.714;rtl;false;false
235800;-1.492;0;0;277.714;rtl;false;false
236610;-0.084;0;0;277.578;rtl;false;false
236700;-0.084;0;0;277.578;rtl;false;false
237510;-0.58;0;0;277.402;rtl;false;false
237600;-0.58;0;0;277.402;rtl;false;false
238410;-0.082;0;0;277.225;rtl;false;false
238500;-0.082;0;0;277.225;rtl;false;false
239310;-0.086;0;0;277.049;rtl;false;false
239400;-0.086;0;0;277.049;rtl;false;false
240210;-0.171;0;0;276.872;rtl;false;false
240300;-0.171;0;0;276.872;rtl;false;false
241110;-0.343;0;0;276.839;rtl;false;false
241200;-0.343;0;0;276.839;rtl;false;false
242010;-0.171;0;0;276.807;rtl;false;false
242100;-0.171;0;0;276.807;rtl;false;false
242910;0.01;0;0;276.774;rtl;false;false
243000;0.01;0;0;276.774;rtl;false;false
243810;-0.257;0;0;276.741;rtl;false;false
243900;-0.257;0;0;276.741;rtl;false;false
244710;-0.171;0;0;276.569;rtl;false;false
244800;-0.171;0;0;276.569;rtl;false;false
245610;-0.086;0;0;276.397;rtl;false;false
245700;-0.086;0;0;276.397;rtl;false;false
246510;-0.171;0;0;276.225;rtl;false;false
246600;-0.171;0;0;276.225;rtl;false;false
247410;0.01;0;0;276.053;rtl;false;false
247500;0.01;0;0;276.053;rtl;false;false
248310;-0.7;0;0;275.98;rtl;false;false
248400;-0.7;0;0;275.98;rtl;false;false
249210;-0.177;0;0;275.907;rtl;false;false
249300;-0.177;0;0;275.907;rtl;false;false
250110;-0.088;0;0;275.833;rtl;false;false
250200;-0.088;0;0;275.833;rtl;false;false
251010;0.068;0;0;275.76;ltr;false;true
251100;0.068;0;0;275.76;ltr;false;true
251910;-1.058;0;0;275.593;rtl;false;true
252000;-1.058;0;0;275.593;rtl;false;true
252810;-2.158;0;0;275.425;rtl;false;false
252900;-2.158;0;0;275.425;rtl;false;false
253710;-1.279;0;0;275.258;rtl;false;false
253800;-1.279;0;0;275.258;rtl;false;false
254610;-0.393;0;0;275.09;rtl;false;false
254700;-0.393;0;0;275.09;rtl;false;false
255510;-1.168;0;0;275.083;rtl;false;false
255600;-1.168;0;0;275.083;rtl;false;false
256410;-0.996;0;0;275.077;rtl;false;false
256500;-0.996;0;0;275.077;rtl;false;false
257310;-1.214;0;0;275.07;rtl;false;false
257400;-1.214;0;0;275.07;rtl;false;false
258210;-0.497;0;0;275.063;rtl;false;false
258300;-0.497;0;0;275.063;rtl;false;false
259110;0.01;0;0;274.975;rtl;false;false
259200;0.01;0;0;274.975;rtl;false;false
260010;-0.294;0;0;274.887;rtl;false;false
260100;-0.294;0;0;274.887;rtl;false;false
260910;-0.196;0;0;274.799;rtl;false;false
261000;-0.196;0;0;274.799;rtl;false;false
261810;0.01;0;0;274.711;rtl;false;false
261900;0.01;0;0;274.711;rtl;false;false
262710;-0.487;0;0;274.561;rtl;false;false
262800;-0.487;0;0;274.561;rtl;false;false
263610;-0.195;0;0;274.412;rtl;false;false
263700;-0.195;0;0;274.412;rtl;false;false
264510;0.01;0;0;274.262;rtl;false;false
264600;0.01;0;0;274.262;rtl;false;false
265410;0.593;0;0;274.112;ltr;false;true
265500;0.593;0;0;274.112;ltr;false;true
266310;0.098;0;0;274.16;ltr;false;false
266400;0.098;0;0;274.16;ltr;false;false
267210;0.097;0;0;274.208;ltr;false;false
267300;0.097;0;0;274.208;ltr;false;false
268110;0.056;0;0;274.255;ltr;false;false
268200;0.056;0;0;274.255;ltr;false;false
269010;0.843;0;0;274.303;ltr;false;false
269100;0.843;0;0;274.303;ltr;false;false
269910;-1.906;0;0;274.654;rtl;false;true
270000;-1.906;0;0;274.654;rtl;false;true
270810;-2.645;0;0;275.005;rtl;false;false
270900;-2.645;0;0;275.005;rtl;false;false
271710;2.117;0;0;275.356;ltr;false;true
271800;2.117;0;0;275.356;ltr;false;true
272610;1.097;0;0;275.707;ltr;false;false
272700;1.097;0;0;275.707;ltr;false;false
273510;0.599;0;0;275.972;ltr;false;false
273600;0.599;0;0;275.972;ltr;false;false
274410;0.1;0;0;276.237;ltr;false;false
274500;0.1;0;0;276.237;ltr;false;false
275310;0.099;0;0;276.502;ltr;false;false
275400;0.099;0;0;276.502;ltr;false;false
276210;0.01;0;0;276.767;ltr;false;false
276300;0.01;0;0;276.767;ltr;false;false
277110;0.198;0;0;276.898;ltr;false;false
277200;0.198;0;0;276.898;ltr;false;false
278010;0.01;0;0;277.029;ltr;false;false
278100;0.01;0;0;277.029;ltr;false;false
278910;0.01;0;0;277.16;ltr;false;false
279000;0.01;0;0;277.16;ltr;false;false
279810;-2.384;0;0;277.291;rtl;false;true
279900;-2.384;0;0;277.291;rtl;false;true
280710;1.086;0;0;277.447;ltr;false;true
280800;1.086;0;0;277.447;ltr;false;true
281610;0.292;0;0;277.604;ltr;false;false
281700;0.292;0;0;277.604;ltr;false;false
282510;0.096;0;0;277.76;ltr;false;false
282600;0.096;0;0;277.76;ltr;false;false
283410;0.193;0;0;277.916;ltr;false;false
283500;0.193;0;0;277.916;ltr;false;false
284310;0.098;0;0;277.936;ltr;false;false
284400;0.098;0;0;277.936;ltr;false;false
285210;0.098;0;0;277.955;ltr;false;false
285300;0.098;0;0;277.955;ltr;false;false
286110;0.196;0;0;277.975;ltr;false;false
286200;0.196;0;0;277.975;ltr;false;false
287010;0.097;0;0;277.994;ltr;false;false
287100;0.097;0;0;277.994;ltr;false;false
287910;0.098;0;0;278.078;ltr;false;false
288000;0.098;0;0;278.078;ltr;false;false
288810;0.097;0;0;278.162;ltr;false;false
288900;0.097;0;0;278.162;ltr;false;false
289710;0.096;0;0;278.245;ltr;false;false
289800;0.096;0;0;278.245;ltr;false;false
290610;0.098;0;0;278.329;ltr;false;false
290700;0.098;0;0;278.329;ltr;false;false
291510;0.098;0;0;278.265;ltr;false;false
291600;0.098;0;0;278.265;ltr;false;false
292410;0.098;0;0;278.2;ltr;false;false
292500;0.098;0;0;278.2;ltr;false;false
293310;0.098;0;0;278.136;ltr;false;false
293400;0.098;0;0;278.136;ltr;false;false
294210;0.098;0;0;278.071;ltr;false;false
294300;0.098;0;0;278.071;ltr;false;false
295110;0.098;0;0;278.026;ltr;false;false
295200;0.098;0;0;278.026;ltr;false;false
296010;0.098;0;0;277.981;ltr;false;false
296100;0.098;0;0;277.981;ltr;false;false
296910;0.098;0;0;277.935;ltr;false;false
297000;0.098;0;0;277.935;ltr;false;false
297810;0.098;0;0;277.89;ltr;false;false
297900;0.098;0;0;277.89;ltr;false;false
298710;0.098;0;0;277.929;ltr;false;false
298800;0.098;0;0;277.929;ltr;false;false
299610;0.098;0;0;277.968;ltr;false;false
299700;0.098;0;0;277.968;ltr;false;false
300510;0.099;0;0;278.006;ltr;false;false
300600;0.099;0;0;278.006;ltr;false;false
301410;0.026;0;0;278.045;ltr;false;false
301500;0.026;0;0;278.045;ltr;false;false
302310;0.099;0;0;278.019;ltr;false;false
302400;0.099;0;0;278.019;ltr;false;false
303210;0.1;0;0;277.994;ltr;false;false
303300;0.1;0;0;277.994;ltr;false;false
304110;0.071;0;0;277.968;ltr;false;false
304200;0.071;0;0;277.968;ltr;false;false
305010;-0.108;0;0;277.942;rtl;false;true
305100;-0.108;0;0;277.942;rtl;false;true
305910;-0.099;0;0;277.955;rtl;false;false
306000;-0.099;0;0;277.955;rtl;false;false
306810;0.01;0;0;277.968;rtl;false;false
306900;0.01;0;0;277.968;rtl;false;false
307710;0.01;0;0;277.981;rtl;false;false
307800;0.01;0;0;277.981;rtl;false;false
308610;-0.397;0;0;277.994;rtl;false;false
308700;-0.397;0;0;277.994;rtl;false;false
309510;0.2;0;0;278.013;ltr;false;true
309600;0.2;0;0;278.013;ltr;false;true
310410;0.1;0;0;278.033;ltr;false;false
310500;0.1;0;0;278.033;ltr;false;false
311310;0.1;0;0;278.052;ltr;false;false
311400;0.1;0;0;278.052;ltr;false;false
312210;0.1;0;0;278.071;ltr;false;false
312300;0.1;0;0;278.071;ltr;false;false
313110;0.097;0;0;278.052;ltr;false;false
313200;0.097;0;0;278.052;ltr;false;false
314010;0.01;0;0;278.033;rtl;false;true
314100;0.01;0;0;278.033;rtl;false;true
314910;0.01;0;0;278.013;rtl;false;false
315000;0.01;0;0;278.013;rtl;false;false
315810;0.01;0;0;277.994;rtl;false;false
315900;0.01;0;0;277.994;rtl;false;false
316710;0.01;0;0;277.988;rtl;false;false
316800;0.01;0;0;277.988;rtl;false;false
317610;0.041;0;0;277.981;ltr;true;true
317700;0.041;0;0;277.981;ltr;true;true
318510;0.044;0;0;277.975;ltr;false;false
318600;0.044;0;0;277.975;ltr;false;false
319410;0.044;0;0;277.968;ltr;false;false
319500;0.044;0;0;277.968;ltr;false;false
320310;0.091;0;0;277.987;ltr;false;false
320400;0.091;0;0;277.987;ltr;false;false
321210;0.098;0;0;278.007;ltr;false;false
321300;0.098;0;0;278.007;ltr;false;false
322110;0.01;0;0;278.026;ltr;false;false
322200;0.01;0;0;278.026;ltr;false;false
323010;0.01;0;0;278.045;ltr;false;false
323100;0.01;0;0;278.045;ltr;false;false
323910;0.01;0;0;278.032;ltr;false;false
324000;0.01;0;0;278.032;ltr;false;false
324810;0.098;0;0;278.02;ltr;true;false
324900;0.098;0;0;278.02;ltr;true;false
325710;-0.163;0;0;278.007;rtl;false;true
325800;-0.163;0;0;278.007;rtl;false;true
326610;1.28;0;0;277.994;ltr;false;true
326700;1.28;0;0;277.994;ltr;false;true
327510;0.098;0;0;278;ltr;false;false
327600;0.098;0;0;278;ltr;false;false
328410;0.098;0;0;278.007;ltr;false;false
328500;0.098;0;0;278.007;ltr;false;false
329310;0.098;0;0;278.013;ltr;false;false
329400;0.098;0;0;278.013;ltr;false;false
330210;0.098;0;0;278.019;ltr;false;false
330300;0.098;0;0;278.019;ltr;false;false
331110;0.299;0;0;278.006;ltr;false;false
331200;0.299;0;0;278.006;ltr;false;false
332010;0.1;0;0;277.994;ltr;false;false
332100;0.1;0;0;277.994;ltr;false;false
332910;0.39;0;0;277.981;ltr;false;false
333000;0.39;0;0;277.981;ltr;false;false
333810;0.097;0;0;277.968;ltr;false;false
333900;0.097;0;0;277.968;ltr;false;false
334710;0.1;0;0;277.968;ltr;false;false
334800;0.1;0;0;277.968;ltr;false;false
335610;0.1;0;0;277.968;ltr;false;false
335700;0.1;0;0;277.968;ltr;false;false
336510;0.1;0;0;277.968;ltr;false;false
336600;0.1;0;0;277.968;ltr;false;false
337410;0.1;0;0;277.968;ltr;false;false
337500;0.1;0;0;277.968;ltr;false;false
338310;0.2;0;0;277.942;ltr;false;false
338400;0.2;0;0;277.942;ltr;false;false
339210;0.388;0;0;277.916;ltr;false;false
339300;0.388;0;0;277.916;ltr;false;false
340110;0.097;0;0;277.89;ltr;false;false
340200;0.097;0;0;277.89;ltr;false;false
341010;0.097;0;0;277.864;ltr;false;false
341100;0.097;0;0;277.864;ltr;false;false
341910;0.097;0;0;277.76;ltr;false;false
342000;0.097;0;0;277.76;ltr;false;false
342810;0.194;0;0;277.656;ltr;false;false
342900;0.194;0;0;277.656;ltr;false;false
343710;0.294;0;0;277.552;ltr;false;false
343800;0.294;0;0;277.552;ltr;false;false
344610;0.299;0;0;277.448;ltr;false;false
344700;0.299;0;0;277.448;ltr;false;false
345510;0.388;0;0;277.487;ltr;false;false
345600;0.388;0;0;277.487;ltr;false;false
346410;0.5;0;0;277.526;ltr;false;false
346500;0.5;0;0;277.526;ltr;false;false
347310;1.358;0;0;277.565;ltr;false;false
347400;1.358;0;0;277.565;ltr;false;false
348210;1.455;0;0;277.604;ltr;false;false
348300;1.455;0;0;277.604;ltr;false;false
349110;1.975;0;0;277.727;ltr;false;false
349200;1.975;0;0;277.727;ltr;false;false
350010;2.135;0;0;277.851;ltr;false;false
350100;2.135;0;0;277.851;ltr;false;false
350910;2.232;0;0;277.974;ltr;false;false
351000;2.232;0;0;277.974;ltr;false;false
351810;2.232;0;0;278.097;ltr;false;false
351900;2.232;0;0;278.097;ltr;false;false
352710;1.65;0;0;278.162;ltr;false;false
352800;1.65;0;0;278.162;ltr;false;false
353610;0.798;0;0;278.226;ltr;false;false
353700;0.798;0;0;278.226;ltr;false;false
354510;0.587;0;0;278.291;ltr;false;false
354600;0.587;0;0;278.291;ltr;false;false
355410;0.883;0;0;278.355;ltr;false;false
355500;0.883;0;0;278.355;ltr;false;false
356310;1.552;0;0;278.522;ltr;false;false
356400;1.552;0;0;278.522;ltr;false;false
357210;2.046;0;0;278.689;ltr;false;false
357300;2.046;0;0;278.689;ltr;false;false
358110;3.021;0;0;278.855;ltr;false;false
358200;3.021;0;0;278.855;ltr;false;false
359010;3.605;0;0;279.022;ltr;false;false
359100;3.605;0;0;279.022;ltr;false;false
359910;2.152;0;0;279.137;ltr;false;false
360000;2.152;0;0;279.137;ltr;false;false
360810;1.97;0;0;279.252;ltr;false;false
360900;1.97;0;0;279.252;ltr;false;false
361710;1.58;0;0;279.366;ltr;false;false
361800;1.58;0;0;279.366;ltr;false;false
362610;1.267;0;0;279.481;ltr;false;false
362700;1.267;0;0;279.481;ltr;false;false
363510;2.054;0;0;279.576;ltr;false;false
363600;2.054;0;0;279.576;ltr;false;false
364410;3.999;0;0;279.672;ltr;false;false
364500;3.999;0;0;279.672;ltr;false;false
365310;5.856;0;0;279.767;ltr;false;false
365400;5.856;0;0;279.767;ltr;false;false
366210;6.504;0;0;279.862;ltr;false;false
366300;6.504;0;0;279.862;ltr;false;false
367110;7.922;0;0;279.868;ltr;false;false
367200;7.922;0;0;279.868;ltr;false;false
368010;8.075;0;0;279.875;ltr;false;false
368100;8.075;0;0;279.875;ltr;false;false
368910;7.299;0;0;279.881;ltr;false;false
369000;7.299;0;0;279.881;ltr;false;false
369810;5.673;0;0;279.887;ltr;false;false
369900;5.673;0;0;279.887;ltr;false;false
370710;5.223;0;0;279.824;ltr;false;false
370800;5.223;0;0;279.824;ltr;false;false
371610;-5.085;0;0;279.761;rtl;false;true
371700;-5.085;0;0;279.761;rtl;false;true
372510;1.498;0;0;279.697;ltr;false;true
372600;1.498;0;0;279.697;ltr;false;true
373410;-5.792;0;0;279.634;rtl;false;true
373500;-5.792;0;0;279.634;rtl;false;true
374310;4.178;0;0;279.385;ltr;false;true
374400;4.178;0;0;279.385;ltr;false;true
375210;3.653;0;0;279.136;ltr;false;false
375300;3.653;0;0;279.136;ltr;false;false
376110;4.169;0;0;278.887;ltr;false;false
376200;4.169;0;0;278.887;ltr;false;false
377010;2.963;0;0;278.638;ltr;false;false
377100;2.963;0;0;278.638;ltr;false;false
377910;-0.166;0;0;278.38;rtl;false;true
378000;-0.166;0;0;278.38;rtl;false;true
378810;0.821;0;0;278.121;ltr;false;true
378900;0.821;0;0;278.121;ltr;false;true
379710;1.741;0;0;277.863;ltr;false;false
379800;1.741;0;0;277.863;ltr;false;false
380610;0.647;0;0;277.604;ltr;false;false
380700;0.647;0;0;277.604;ltr;false;false
381510;0.579;0;0;277.263;ltr;false;false
381600;0.579;0;0;277.263;ltr;false;false
382410;-0.423;0;0;276.922;rtl;false;true
382500;-0.423;0;0;276.922;rtl;false;true
383310;1.773;0;0;276.58;ltr;false;true
383400;1.773;0;0;276.58;ltr;false;true
384210;2;0;0;276.239;ltr;false;false
384300;2;0;0;276.239;ltr;false;false
385110;1.541;0;0;276.239;ltr;false;false
385200;1.541;0;0;276.239;ltr;false;false
386010;1.9;0;0;276.239;ltr;false;false
386100;1.9;0;0;276.239;ltr;false;false
386910;-0.8;0;0;276.239;rtl;false;true
387000;-0.8;0;0;276.239;rtl;false;true
387810;0.737;0;0;276.239;ltr;false;true
387900;0.737;0;0;276.239;ltr;false;true
388710;0.736;0;0;276.159;ltr;false;false
388800;0.736;0;0;276.159;ltr;false;false
389610;1.474;0;0;276.08;ltr;false;false
389700;1.474;0;0;276.08;ltr;false;false
390510;-0.459;0;0;276;rtl;false;true
390600;-0.459;0;0;276;rtl;false;true
391410;2.696;0;0;275.92;ltr;false;true
391500;2.696;0;0;275.92;ltr;false;true
392310;-0.63;0;0;275.98;rtl;false;true
392400;-0.63;0;0;275.98;rtl;false;true
393210;2.773;0;0;276.04;ltr;false;true
393300;2.773;0;0;276.04;ltr;false;true
394110;0.59;0;0;276.099;ltr;false;false
394200;0.59;0;0;276.099;ltr;false;false
395010;2.693;0;0;276.159;ltr;false;false
395100;2.693;0;0;276.159;ltr;false;false
395910;2.486;0;0;276.179;ltr;false;false
396000;2.486;0;0;276.179;ltr;false;false
396810;-1.648;0;0;276.199;rtl;false;true
396900;-1.648;0;0;276.199;rtl;false;true
397710;-0.877;0;0;276.219;rtl;false;false
397800;-0.877;0;0;276.219;rtl;false;false
398610;1.3;0;0;276.239;ltr;false;true
398700;1.3;0;0;276.239;ltr;false;true
399510;2.258;0;0;276.561;ltr;false;false
399600;2.258;0;0;276.561;ltr;false;false
400410;1.826;0;0;276.883;ltr;false;false
400500;1.826;0;0;276.883;ltr;false;false
401310;1.406;0;0;277.204;ltr;false;false
401400;1.406;0;0;277.204;ltr;false;false
402210;4.388;0;0;277.526;ltr;false;false
402300;4.388;0;0;277.526;ltr;false;false
403110;-3.145;0;0;277.682;rtl;false;true
403200;-3.145;0;0;277.682;rtl;false;true
404010;-3.155;0;0;277.838;rtl;false;false
404100;-3.155;0;0;277.838;rtl;false;false
404910;-0.099;0;0;277.993;rtl;false;false
405000;-0.099;0;0;277.993;rtl;false;false
405810;1.608;0;0;278.149;ltr;false;true
405900;1.608;0;0;278.149;ltr;false;true
406710;-1.978;0;0;278.207;rtl;false;true
406800;-1.978;0;0;278.207;rtl;false;true
407610;1.185;0;0;278.265;ltr;false;true
407700;1.185;0;0;278.265;ltr;false;true
408510;-4.902;0;0;278.323;rtl;false;true
408600;-4.902;0;0;278.323;rtl;false;true
409410;3.457;0;0;278.381;ltr;false;true
409500;3.457;0;0;278.381;ltr;false;true
410310;-0.417;0;0;278.252;rtl;false;true
410400;-0.417;0;0;278.252;rtl;false;true
411210;2.099;0;0;278.123;ltr;false;true
411300;2.099;0;0;278.123;ltr;false;true
412110;-0.854;0;0;277.993;rtl;false;true
412200;-0.854;0;0;277.993;rtl;false;true
413010;-3.761;0;0;277.864;rtl;false;false
413100;-3.761;0;0;277.864;rtl;false;false
413910;5.397;0;0;277.806;ltr;false;true
414000;5.397;0;0;277.806;ltr;false;true
414810;-3.956;0;0;277.747;rtl;false;true
414900;-3.956;0;0;277.747;rtl;false;true
415710;-7.09;0;0;277.689;rtl;false;false
415800;-7.09;0;0;277.689;rtl;false;false
416610;-6.981;0;0;277.63;rtl;false;false
416700;-6.981;0;0;277.63;rtl;false;false
417510;-7.405;0;0;277.611;rtl;false;false
417600;-7.405;0;0;277.611;rtl;false;false
418410;6.087;0;0;277.591;ltr;false;true
418500;6.087;0;0;277.591;ltr;false;true
419310;-4.728;0;0;277.572;rtl;false;true
419400;-4.728;0;0;277.572;rtl;false;true
420210;-1.899;0;0;277.552;rtl;false;false
420300;-1.899;0;0;277.552;rtl;false;false
421110;6.029;0;0;277.533;ltr;false;true
421200;6.029;0;0;277.533;ltr;false;true
422010;-6.025;0;0;277.513;rtl;false;true
422100;-6.025;0;0;277.513;rtl;false;true
422910;-5.282;0;0;277.494;rtl;false;false
423000;-5.282;0;0;277.494;rtl;false;false
423810;1.758;0;0;277.474;ltr;false;true
423900;1.758;0;0;277.474;ltr;false;true
424710;-6.236;0;0;277.428;rtl;false;true
424800;-6.236;0;0;277.428;rtl;false;true
425610;1.563;0;0;277.383;ltr;false;true
425700;1.563;0;0;277.383;ltr;false;true
426510;-1.45;0;0;277.337;rtl;false;true
426600;-1.45;0;0;277.337;rtl;false;true
427410;2.957;0;0;277.291;ltr;false;true
427500;2.957;0;0;277.291;ltr;false;true
428310;-3.671;0;0;277.206;rtl;false;true
428400;-3.671;0;0;277.206;rtl;false;true
429210;3.741;0;0;277.121;ltr;false;true
429300;3.741;0;0;277.121;ltr;false;true
430110;5.207;0;0;277.036;ltr;false;false
430200;5.207;0;0;277.036;ltr;false;false
431010;5.105;0;0;276.951;ltr;false;false
431100;5.105;0;0;276.951;ltr;false;false
431910;5.887;0;0;276.846;ltr;false;false
432000;5.887;0;0;276.846;ltr;false;false
432810;5.887;0;0;276.741;ltr;false;false
432900;5.887;0;0;276.741;ltr;false;false
433710;6.372;0;0;276.635;ltr;false;false
433800;6.372;0;0;276.635;ltr;false;false
434610;7.795;0;0;276.53;ltr;false;false
434700;7.795;0;0;276.53;ltr;false;false
435510;2.565;0;0;276.484;ltr;false;false
435600;2.565;0;0;276.484;ltr;false;false
436410;-5.356;0;0;276.438;rtl;false;true
436500;-5.356;0;0;276.438;rtl;false;true
437310;-5.768;0;0;276.391;rtl;false;false
437400;-5.768;0;0;276.391;rtl;false;false
438210;-5.768;0;0;276.345;rtl;false;false
438300;-5.768;0;0;276.345;rtl;false;false
439110;-2.292;0;0;276.338;rtl;false;false
439200;-2.292;0;0;276.338;rtl;false;false
440010;-5.544;0;0;276.332;rtl;false;false
440100;-5.544;0;0;276.332;rtl;false;false
440910;1.899;0;0;276.325;ltr;false;true
441000;1.899;0;0;276.325;ltr;false;true
441810;-5.771;0;0;276.318;rtl;false;true
441900;-5.771;0;0;276.318;rtl;false;true
442710;-5.378;0;0;276.325;rtl;false;false
442800;-5.378;0;0;276.325;rtl;false;false
443610;-5.299;0;0;276.332;rtl;false;false
443700;-5.299;0;0;276.332;rtl;false;false
444510;-5.642;0;0;276.338;rtl;false;false
444600;-5.642;0;0;276.338;rtl;false;false
445410;-5.957;0;0;276.345;rtl;false;false
445500;-5.957;0;0;276.345;rtl;false;false
446310;-3.965;0;0;276.305;rtl;false;false
446400;-3.965;0;0;276.305;rtl;false;false
447210;-2.266;0;0;276.266;rtl;false;false
447300;-2.266;0;0;276.266;rtl;false;false
448110;3.268;0;0;276.226;ltr;false;true
448200;3.268;0;0;276.226;ltr;false;true
449010;-6.381;0;0;276.186;rtl;false;true
449100;-6.381;0;0;276.186;rtl;false;true
449910;3.419;0;0;276.259;ltr;false;true
450000;3.419;0;0;276.259;ltr;false;true
450810;-6.44;0;0;276.332;rtl;false;true
450900;-6.44;0;0;276.332;rtl;false;true
451710;-7.1;0;0;276.404;rtl;false;false
451800;-7.1;0;0;276.404;rtl;false;false
452610;-5.631;0;0;276.477;rtl;false;false
452700;-5.631;0;0;276.477;rtl;false;false
453510;8.053;0;0;276.51;ltr;false;true
453600;8.053;0;0;276.51;ltr;false;true
454410;1.355;0;0;276.543;ltr;false;false
454500;1.355;0;0;276.543;ltr;false;false
455310;-5.106;0;0;276.576;rtl;false;true
455400;-5.106;0;0;276.576;rtl;false;true
456210;-4.872;0;0;276.609;rtl;false;false
456300;-4.872;0;0;276.609;rtl;false;false
457110;-6.352;0;0;276.629;rtl;false;false
457200;-6.352;0;0;276.629;rtl;false;false
458010;-6.499;0;0;276.649;rtl;false;false
458100;-6.499;0;0;276.649;rtl;false;false
458910;-6.5;0;0;276.668;rtl;false;false
459000;-6.5;0;0;276.668;rtl;false;false
459810;2.071;0;0;276.688;ltr;false;true
459900;2.071;0;0;276.688;ltr;false;true
460710;-7.895;0;0;276.734;rtl;false;true
460800;-7.895;0;0;276.734;rtl;false;true
461610;6.166;0;0;276.78;ltr;false;true
461700;6.166;0;0;276.78;ltr;false;true
462510;5.535;0;0;276.826;ltr;false;false
462600;5.535;0;0;276.826;ltr;false;false
463410;-4.879;0;0;276.872;rtl;false;true
463500;-4.879;0;0;276.872;rtl;false;true
464310;-5.864;0;0;276.898;rtl;false;false
464400;-5.864;0;0;276.898;rtl;false;false
465210;-4.985;0;0;276.925;rtl;false;false
465300;-4.985;0;0;276.925;rtl;false;false
466110;-4.894;0;0;276.951;rtl;false;false
466200;-4.894;0;0;276.951;rtl;false;false
467010;-4.877;0;0;276.977;rtl;false;false
467100;-4.877;0;0;276.977;rtl;false;false
467910;2.681;0;0;277.036;ltr;false;true
468000;2.681;0;0;277.036;ltr;false;true
468810;3.424;0;0;277.095;ltr;false;false
468900;3.424;0;0;277.095;ltr;false;false
469710;-5.881;0;0;277.154;rtl;false;true
469800;-5.881;0;0;277.154;rtl;false;true
470610;5.682;0;0;277.213;ltr;false;true
470700;5.682;0;0;277.213;ltr;false;true
471510;5.283;0;0;277.291;ltr;false;false
471600;5.283;0;0;277.291;ltr;false;false
472410;6.041;0;0;277.37;ltr;false;false
472500;6.041;0;0;277.37;ltr;false;false
473310;2.724;0;0;277.448;ltr;false;false
473400;2.724;0;0;277.448;ltr;false;false
474210;6.734;0;0;277.526;ltr;false;false
474300;6.734;0;0;277.526;ltr;false;false
475110;5.349;0;0;277.572;ltr;false;false
475200;5.349;0;0;277.572;ltr;false;false
476010;-7.217;0;0;277.617;rtl;false;true
476100;-7.217;0;0;277.617;rtl;false;true
476910;7.853;0;0;277.663;ltr;false;true
477000;7.853;0;0;277.663;ltr;false;true
477810;-4.357;0;0;277.708;rtl;false;true
477900;-4.357;0;0;277.708;rtl;false;true
478710;3.133;0;0;277.741;ltr;false;true
478800;3.133;0;0;277.741;ltr;false;true
479610;3.956;0;0;277.773;ltr;false;false
479700;3.956;0;0;277.773;ltr;false;false
480510;-2.723;0;0;277.806;rtl;false;true
480600;-2.723;0;0;277.806;rtl;false;true
481410;1.285;0;0;277.838;ltr;false;true
481500;1.285;0;0;277.838;ltr;false;true
482310;-7.909;0;0;277.858;rtl;false;true
482400;-7.909;0;0;277.858;rtl;false;true
483210;-2.735;0;0;277.877;rtl;false;false
483300;-2.735;0;0;277.877;rtl;false;false
484110;6.672;0;0;277.897;ltr;false;true
484200;6.672;0;0;277.897;ltr;false;true
485010;6.996;0;0;277.916;ltr;false;false
485100;6.996;0;0;277.916;ltr;false;false
485910;-1.507;0;0;278;rtl;false;true
486000;-1.507;0;0;278;rtl;false;true
486810;-5.889;0;0;278.084;rtl;false;false
486900;-5.889;0;0;278.084;rtl;false;false
487710;-6.596;0;0;278.168;rtl;false;false
487800;-6.596;0;0;278.168;rtl;false;false
488610;0.593;0;0;278.252;ltr;false;true
488700;0.593;0;0;278.252;ltr;false;true
489510;1.871;0;0;278.297;ltr;false;false
489600;1.871;0;0;278.297;ltr;false;false
490410;2.105;0;0;278.342;ltr;false;false
490500;2.105;0;0;278.342;ltr;false;false
491310;-2.25;0;0;278.387;rtl;false;true
491400;-2.25;0;0;278.387;rtl;false;true
492210;2.459;0;0;278.432;ltr;false;true
492300;2.459;0;0;278.432;ltr;false;true
493110;4.189;0;0;278.509;ltr;false;false
493200;4.189;0;0;278.509;ltr;false;false
494010;9.266;0;0;278.587;ltr;false;false
494100;9.266;0;0;278.587;ltr;false;false
494910;3.754;0;0;278.664;ltr;false;false
495000;3.754;0;0;278.664;ltr;false;false
